{
    "intents": [
        {
            "tag": "greeting",
            "patterns": [
                "Hi",
                "hi",
                "Hii",
                "Hey",
                "hi there",
                "",
                "How are you",
                "Is anyone there?",
                "Hello",
                "Good day"
            ],
            "responses": [
                "Hey :-)",
                "Hello, thanks for visiting",
                "Hello how are you feeling today?",
                "Hi there, what can I do for you?",
                "Hi there, how can I help?"
            ]
        },
        {
            "tag": "goodbye",
            "patterns": [
                "Bye",
                "See you later",
                "Goodbye",
                "by",
                "byy"
            ],
            "responses": [
                "See you later, thanks for visiting",
                "Have a nice day",
                "Bye! Come back again soon."
            ]
        },
        
        {
            "tag": "talk",
            "patterns": [
                "Hi, How is it going?",
                "How do you do?",
                "Nice to meet you."
            ],
            "response": [
                "The HCareBot is working great! How are you feeling today?",
                "Thank you. How can i assist you? How are you feeling today?",
                "I'm doing well. How are you feeling today?"
            ]
        },
        {
            "tag": "thanks",
            "patterns": [
                "Thanks",
                "Thank you",
                "That's helpful",
                "Thank's a lot!",
                "thnx"
            ],
            "responses": [
                "Happy to help!",
                "Any time!",
                "My pleasure"
            ]
        },
        {
            "tag": "interest",
            "patterns": [
                "What are your interests"
            ],
            "responses": [
                " I am interested in helping you in Home Made Remedies for your health!"
            ]
        },
        {
            "tag": "location",
            "patterns": [
                " What is your location"
            ],
            "responses": [
                "I am offline. So I am present at the same location as you."
            ]
        },
        {
            "tag": "where",
            "patterns": [
                "Where are you from"
            ],
            "responses": [
                "We are located at BML Munjal University Department of Engineering and Technology, Gurugram Harayana as of now."
            ]
        },
        {
            "tag": "father",
            "patterns": [
                " Who is your father"
            ],
            "responses": [
                "QSAAR BMU counselling team created me."
            ]
        },
        {
            "tag": "mother",
            "patterns": [
                "Who is your mother"
            ],
            "responses": [
                "QSAAR BMU counselling team created me."
            ]
        },
        {
            "tag": "age",
            "patterns": [
                " What is your age"
            ],
            "responses": [
                "I was created in April 2024."
            ]
        },
        {
            "tag": "name",
            "patterns": [
                " What is your name"
            ],
            "responses": [
                "My Name is QSAARBot."
            ]
        },
        {
            "tag": "Fine",
            "patterns": [
                "i am feeling fine",
                "i feel fine",
                "i feel great",
                "fine",
                "i feel awesome",
                "i feel good",
                "i am feeling good"
            ],
            "responses": [
                "Good to know. How may i assist you then?"
            ]
        },
        {
            "tag": "health",
            "patterns": [
                "I feel sick",
                "I have weakness in my body.",
                "I am feeling weak",
                "i am sick",
                "i am not well",
                "i am not feeling well"
            ],
            "responses": [
                "Okay. Can you tell me what's wrong? What are your symptoms?"
            ]
        },
        {
            "tag": "cold",
            "patterns": [
                "My nose is choked."
            ],
            "responses": [
                "Okay, this is a symptom of cold, do you have cold?"
            ]
        },
        {
            "tag": "cold remedy",
            "patterns": [
                "i have cold",
                "i have a cold",
                "cold"
            ],
            "responses": [
                "Take ½ teaspoon of Haldi powder and ½ teaspoon of pepper powder with milk add a 1 teaspoon honey, 3 times a day. It helps you in cold."
            ]
        },
        {
            "tag": "cold remedy confirm",
            "patterns": [
                "yes i took"
            ],
            "responses": [
                "Good, now take some rest."
            ]
        },
        {
            "tag": "cough remedy",
            "patterns": [
                "My throat is itching.",
                "i have cough",
                "cough"
            ],
            "responses": [
                "What kind of cough do you have : 1. Wet cough 2. Dry cough"
            ]
        },
        {
            "tag": "Wet cough",
            "patterns": [
                "i have a wet cough",
                "wet cough",
                "wet"
            ],
            "responses": [
                "Wet cough - Take 1 teaspoon honey. Add 1 teaspoon of ginger juice and 1 pinch of black pepper. Take once in the morning and once before going to bed at night to get relief from Wet cough."
            ]
        },
        {
            "tag": "Dry cough",
            "patterns": [
                "i have a dry cough",
                "dry cough",
                "dry"
            ],
            "responses": [
                "Dry cough - Basil (Tulsi) leaves and ginger are very effective in relieving an irritating dry cough. You can either chew basil (tulsi) leaves or take fresh ginger with hot water. It helps you in dry cough"
            ]
        },
        {
            "tag": "fever",
            "patterns": [
                "My body temperature has raised.",
                "i have fever",
                "i am suffering from fever",
                "fever"
            ],
            "responses": [
                "Basil (Tulsi) is an effective herb & It help reduce fever very quickly.                Take about 20 basil (tulsi) leaves and boil them, now add 1 teaspoon of crushed ginger in the strained tulsi water, and boil until the solution gets reduced to half. Add a little honey and drink this tea two or three times a day for three days to get relief from fever."
            ]
        },
        {
            "tag": "shivering",
            "patterns": [
                "I am shivering",
                "shivering"
            ],
            "responses": [
                "This is a symptom of fever, Take tea/decoction of about 20 Tulsi leaves 3 times a day till fever subsides. It helps you in fever/shivering."
            ]
        },
        {
            "tag": "Headache",
            "patterns": [
                "i have a headache",
                "i have headache",
                "headache"
            ],
            "responses": [
                "what kind of headache do you have : 1. Migrane headache - Pain feels like a tight band around your head. 2. Cluster headache - Pain strikes in a group 3. Tension Headache - Ocassional"
            ]
        },
        {
            "tag": "Migrane Headache",
            "patterns": [
                "i have a migrane headache",
                "migrane",
                "1"
            ],
            "responses": [
                "Migraine Headache - You can drink ginger and basil (tulsi) leaves tea throughout the day when you have pain and don't forget to have it right at the onset of pain."
            ]
        },
        {
            "tag": "Cluster Headache",
            "patterns": [
                "i have a cluster headache",
                "cluster",
                "2"
            ],
            "responses": [
                "Cluster Headache - Ginger is known to help reduce the inflammation of the blood vessels in the head, providing relief. One can consume ginger to prevent headaches. Mix equal parts of ginger juice and lemon juice and have it daily twice."
            ]
        },
        {
            "tag": "Tension Headache",
            "patterns": [
                "i have a tension headache",
                "tension",
                "3"
            ],
            "responses": [
                "Tension Headache - Apply heat to relieve tense neck and shoulder muscles. Use a heating pad set on low, a hot water bottle, a hot shower or bath, a warm compress, or a hot towel. Or apply ice or a cool washcloth to the forehead. Massage also can relieve muscle tension — and sometimes headache pain."
            ]
        },
        {
            "tag": "acidity",
            "patterns": [
                "i have acidity",
                "i am suffering from acidity",
                "acidity",
                "heart burn"
            ],
            "responses": [
                "Powder of Sonth (dry ginger), Soonf, Pudina dry and equal quantity, boil 1 teaspoon of this mix powder in a cup of water, take 3 times after food to get relief from Heart burn / Acidity."
            ]
        },
        {
            "tag": "indigestion",
            "patterns": [
                "i have indigestion",
                "i am suffering from indigestion",
                "indigestion"
            ],
            "responses": [
                "Take 1 teaspoon of fresh ginger juice and 1 teaspoon of lemon juice add a pinch of Black salt and Zeera ½ teaspoon powder take 3 times after food. It helps you in indigestion."
            ]
        },
        {
            "tag": "constipation",
            "patterns": [
                "i have constipation",
                "i am suffering from constipation",
                "constipation"
            ],
            "responses": [
                "Cut one medium size onion in pieces, fry in 1 teaspoon of ghee till it becomes soft eat the whole quantity with a glass of hot water at bed time for 3-5 days. It helps you in constipation."
            ]
        },
        {
            "tag": "cuts and wounds",
            "patterns": [
                "i have cuts",
                "i have wounds",
                "cuts",
                "wounds"
            ],
            "responses": [
                "Crush the Lajwanti plant (Touch me not) apply over the wound Cut Aloe vera leaf into two lengthwise and sprinkle turmeric powder on it place on the wound and bandage."
            ]
        },
        {
            "tag": "pain in joints and legs",
            "patterns": [
                "i have pain in joints",
                "i have pain in legs",
                "joints pain",
                "legs pain"
            ],
            "responses": [
                "Prepare oil by boiling 100 gms of Neem leaves and Pudina leaves in mustard oil add 1 teaspoon of salt, boil on low flame for ½ hr, apply on affected area and massage till oil is absorbed 2 times in a day till pain is relieved."
            ]
        },
        {
            "tag": "diabetes",
            "patterns": [
                "i have diabetes",
                "i am suffering from diabetes",
                "diabetes"
            ],
            "responses": [
                "Powder Methi, Kalonji and Tukhme Kasni (Chicory seeds Cichorium intybus) equal quantity, take ½ teaspoon daily before food 3 times. Eat plenty of vegetables like Guar beans, Knolkhol, Karela, Bhindi. It helps you in diabetes."
            ]
        },
        {
            "tag": "abdominal pain",
            "patterns": [
                "i have stomach pain",
                "i have abdominal pain",
                "i am suffering from stomach pain",
                "stomach pain",
                "abdominal pain"
            ],
            "responses": [
                "1 teaspoon Adrak/Sonth juice in a glass of butter milk with lemon & salt. It helps you in stomach/abdominal pain."
            ]
        },
        {
            "tag": "loss of appetite",
            "patterns": [
                "loss of appetite"
            ],
            "responses": [
                "1 teaspoon Ajvain powder with warm water 1/2 hour before meals."
            ]
        },
        {
            "tag": "vomiting",
            "patterns": [
                "i have vomiting",
                "vomiting"
            ],
            "responses": [
                "1-2 teaspoon Dalchini powder with honey thrice a day in divided doses. It helps you in vomiting."
            ]
        },
        {
            "tag": "skin allergy",
            "patterns": [
                "i have skin allergy",
                "skin allergy"
            ],
            "responses": [
                "1-2 teaspoon Haldi powder should be taken with jaggery twice a day. It helps you in skin allergy."
            ]
        },
        {
            "tag": "toothache",
            "patterns": [
                "i have toothache",
                "toothache"
            ],
            "responses": [
                "Keep fried Hing in carious tooth. It helps you in toothache."
            ]
        },
        {
            "tag": "kidney stone",
            "patterns": [
                "i have kidney stone",
                "kidney stone"
            ],
            "responses": [
                "Drink coconut water twice daily."
            ]
        },
        {
            "tag": "hair fall",
            "patterns": [
                "i am suffering from hair fall",
                "i have hair fall",
                "hair fall"
            ],
            "responses": [
                "Coconut oil processed with Methi powder and Amla powder should be used regularly."
            ]
        },
        {
            "tag": "skin disease",
            "patterns": [
                "i am suffering from skin disease",
                "i have skin disease",
                "skin disease"
            ],
            "responses": [
                "10 ml. juice of NEEM leaves with honey twice a day."
            ]
        },
        {
            "tag": "dizzy",
            "patterns": [
                "I am feeling dizzy",
                "dizzy"
            ],
            "responses": [
                "This might be because you are tired, you should take some rest."
            ]
        },
        {
            "tag": "subscription",
            "patterns": [
                "Does QSAAR offer a subscription?",
                "Can I subscribe to QSAAR?",
                "Is there a membership option on QSAAR?",
                "How can I get updates from QSAAR?",
                "Is there a newsletter for QSAAR?"
            ],
            "responses": [
                "Yes, QSAAR offers a subscription service to keep you updated on the latest health tips, remedies, and news.",
                "Absolutely! You can subscribe to QSAAR to receive regular updates on health-related content and new remedies.",
                "Yes, QSAAR provides a membership option for users who want exclusive access to premium content and features.",
                "You can stay updated with QSAAR by subscribing to our newsletter for regular health tips, remedies, and news.",
                "Yes, QSAAR has a newsletter to keep subscribers informed about new remedies, health articles, and more."
            ]
        },
        {
            "tag": "user_interaction",
            "patterns": [
                "Can I ask questions on QSAAR?",
                "Is there a community forum on QSAAR?",
                "How can I interact with other users on QSAAR?",
                "Does QSAAR have a comment section?",
                "Can I share my own remedies on QSAAR?"
            ],
            "responses": [
                "Yes, you can ask questions and interact with other users on QSAAR through our community forum.",
                "QSAAR fosters user interaction through its community forum where you can ask questions, share experiences, and connect with others.",
                "Interact with like-minded individuals on QSAAR's community forum, where you can discuss health topics and share remedies.",
                "Yes, QSAAR provides a comment section where users can share their thoughts, experiences, and additional remedies.",
                "Absolutely! QSAAR encourages users to share their own remedies and experiences to enrich the community's knowledge base."
            ]
        },
        {
            "tag": "privacy",
            "patterns": [
                "Is my information secure on QSAAR?",
                "What is QSAAR's privacy policy?",
                "Does QSAAR collect personal data?",
                "How does QSAAR handle user privacy?",
                "Is QSAAR GDPR compliant?"
            ],
            "responses": [
                "QSAAR takes user privacy seriously and adheres to strict security measures to safeguard your information.",
                "You can find detailed information about QSAAR's privacy policy on our website to understand how we handle your data.",
                "QSAAR respects user privacy and only collects necessary data for improving user experience and providing personalized content.",
                "Rest assured, QSAAR prioritizes user privacy and follows best practices to protect your personal information.",
                "Yes, QSAAR complies with GDPR regulations to ensure the privacy and data protection rights of our users."
            ]
        },
        {
            "tag": "search_functionality",
            "patterns": [
                "Does QSAAR have a search function?",
                "Can I search for specific health issues on QSAAR?",
                "Is there a search bar on QSAAR?",
                "How can I find remedies for a particular health problem on QSAAR?",
                "Is the search feature easy to use on QSAAR?"
            ],
            "responses": [
                "Yes, QSAAR has a search function that allows you to find remedies for specific health issues quickly.",
                "Absolutely! You can use the search bar on QSAAR to find remedies tailored to your specific health concerns.",
                "QSAAR provides a user-friendly search bar, making it easy to find remedies for particular health problems.",
                "You can easily find remedies for specific health issues on QSAAR by using our intuitive search feature.",
                "The search functionality on QSAAR is designed to be simple and efficient, ensuring you find the remedies you need with ease."
            ]
        },
        {
            "tag": "testimonial",
            "patterns": [
                "Are there testimonials on QSAAR?",
                "Can I read reviews from other users on QSAAR?",
                "Is there a testimonial section on QSAAR?",
                "Where can I find feedback from other users about QSAAR?",
                "Are there success stories shared on QSAAR?"
            ],
            "responses": [
                "Yes, QSAAR features testimonials from satisfied users who have found success with our remedies.",
                "Absolutely! You can read reviews and testimonials from other users to see how QSAAR has helped them.",
                "QSAAR has a dedicated testimonial section where users share their experiences and success stories.",
                "Find valuable feedback from other users in QSAAR's testimonial section, showcasing the effectiveness of our remedies.",
                "Discover success stories and testimonials from users who have benefited from QSAAR's remedies and solutions."
            ]
        },
        {
            "tag": "scientific_evidence",
            "patterns": [
                "Is there scientific evidence behind QSAAR's remedies?",
                "Are QSAAR's remedies backed by scientific research?",
                "Does QSAAR provide references to scientific studies?",
                "Where can I find scientific evidence supporting QSAAR's remedies?",
                "Is QSAAR's approach evidence-based?"
            ],
            "responses": [
                "Yes, QSAAR's remedies are based on scientific evidence and research to ensure their effectiveness and safety.",
                "Absolutely! QSAAR's remedies are thoroughly researched and backed by scientific evidence.",
                "QSAAR provides references to scientific studies supporting our remedies, ensuring transparency and credibility.",
                "You can find scientific evidence supporting QSAAR's remedies in our resources section, along with references to relevant studies.",
                "QSAAR's approach is firmly rooted in evidence-based practices, ensuring that our remedies are both safe and effective."
            ]
        },
        {
            "tag": "consultation",
            "patterns": [
                "Can I consult with a healthcare professional through QSAAR?",
                "Is there a telemedicine service on QSAAR?",
                "Does QSAAR offer virtual consultations with doctors?",
                "How can I get personalized health advice from QSAAR?",
                "Is there a feature for seeking medical guidance on QSAAR?"
            ],
            "responses": [
                "QSAAR provides a platform for seeking personalized health advice, but it is not a substitute for professional medical consultation.",
                "While QSAAR offers valuable health information and remedies, we recommend consulting with a healthcare professional for personalized advice.",
                "QSAAR does not offer telemedicine services directly, but you can use our resources to supplement your healthcare journey.",
                "For personalized health advice, we advise consulting with a qualified healthcare professional who can assess your individual needs.",
                "While QSAAR provides general health information, it's important to consult with a healthcare professional for personalized guidance."
            ]
        },
        {
            "tag": "language_support",
            "patterns": [
                "Is QSAAR available in multiple languages?",
                "Does QSAAR support languages other than English?",
                "Can I access QSAAR in my native language?",
                "Is there language translation support on QSAAR?",
                "Does QSAAR cater to non-English speakers?"
            ],
            "responses": [
                "Currently, QSAAR is available primarily in English, but we are working on adding support for multiple languages in the future.",
                "While QSAAR is predominantly in English at the moment, we are exploring options to make our content accessible in other languages.",
                "QSAAR aims to make its resources available to a global audience, and we are considering language translation support for the future.",
                "At the moment, QSAAR's content is primarily in English, but we acknowledge the importance of language accessibility and are working towards it.",
                "While QSAAR's current content is in English, we are exploring ways to make our resources accessible to non-English speakers in the future."
            ]
        },
        {
            "tag": "side_effects",
            "patterns": [
                "Are there any side effects to QSAAR's remedies?",
                "Can QSAAR's remedies cause any adverse reactions?",
                "Is it safe to try remedies from QSAAR?",
                "Does QSAAR provide information about potential side effects?",
                "How can I ensure the safety of QSAAR's remedies?"
            ],
            "responses": [
                "QSAAR strives to provide safe remedies, but individual reactions may vary. It's essential to monitor for any adverse effects and discontinue use if necessary.",
                "While QSAAR's remedies are generally safe, it's important to be aware of potential side effects and consult with a healthcare professional if you have any concerns.",
                "QSAAR offers remedies that are considered safe for most individuals, but it's always wise to exercise caution and consult with a healthcare provider if you experience any adverse reactions.",
                "While QSAAR aims to minimize risks, it's important to be aware of potential side effects associated with any remedy. We recommend consulting with a healthcare professional before trying new treatments.",
                "QSAAR provides information about potential side effects associated with its remedies to help users make informed decisions about their health. If you experience any adverse reactions, please consult with a healthcare professional."
            ]
        },
        {
            "tag": "children",
            "patterns": [
                "Are QSAAR's remedies safe for children?",
                "Can I use QSAAR's remedies for my child?",
                "Is there specific advice for using QSAAR's remedies on children?",
                "Does QSAAR provide remedies suitable for pediatric use?",
                "How can I ensure the safety of QSAAR's remedies for my child?"
            ],
            "responses": [
                "While some of QSAAR's remedies may be suitable for children, it's crucial to consult with a pediatrician before administering any treatment to ensure safety and effectiveness.",
                "QSAAR's remedies may not always be appropriate for children, so it's important to seek guidance from a pediatrician before using any remedy on a child.",
                "QSAAR provides general health information, but specific advice for children should be obtained from a pediatrician or qualified healthcare provider.",
                "Parents should exercise caution when considering QSAAR's remedies for children and consult with a pediatrician to determine suitability and proper dosage.",
                "QSAAR encourages parents to consult with a pediatrician before using any remedy on their child to ensure safety and efficacy."
            ]
        },
        {
            "tag": "medical_condition",
            "patterns": [
                "Can QSAAR provide remedies for specific medical conditions?",
                "Does QSAAR cover remedies for chronic illnesses?",
                "Is there advice for managing long-term medical conditions on QSAAR?",
                "Can I find remedies for serious health issues on QSAAR?",
                "How comprehensive is QSAAR's coverage of medical conditions?"
            ],
            "responses": [
                "QSAAR offers remedies and advice for a variety of health conditions, but it's essential to consult with a healthcare professional for personalized guidance, especially for chronic or serious illnesses.",
                "While QSAAR provides a range of remedies, users with chronic or serious medical conditions should seek guidance from a healthcare professional for comprehensive management.",
                "QSAAR's coverage of medical conditions is broad, but users with chronic or serious illnesses should work closely with healthcare providers for personalized treatment plans.",
                "QSAAR aims to provide support for various health conditions, but users with serious or chronic illnesses should consult with healthcare professionals for specialized care.",
                "QSAAR offers remedies and advice for managing various medical conditions, but users with complex health issues should seek guidance from healthcare professionals for tailored treatment."
            ]
        },
        {
            "tag": "quality_control",
            "patterns": [
                "How does QSAAR ensure the quality of its remedies?",
                "Does QSAAR have a quality control process for its remedies?",
                "Are QSAAR's remedies tested for efficacy and safety?",
                "What measures does QSAAR take to maintain remedy quality?",
                "Can I trust the effectiveness of QSAAR's remedies?"
            ],
            "responses": [
                "QSAAR follows stringent quality control processes to ensure the efficacy and safety of its remedies.",
                "Yes, QSAAR rigorously tests its remedies for efficacy and safety before making them available to users.",
                "Rest assured, QSAAR's remedies undergo thorough testing to ensure their effectiveness and safety.",
                "QSAAR maintains remedy quality through rigorous testing, adherence to industry standards, and continuous evaluation of user feedback.",
                "You can trust the effectiveness of QSAAR's remedies, as they are backed by thorough testing and quality control measures."
            ]
        },
        {
            "tag": "natural_remedies",
            "patterns": [
                "Does QSAAR focus on natural remedies?",
                "Are QSAAR's remedies primarily natural or organic?",
                "Does QSAAR advocate for natural health solutions?",
                "Can I find natural alternatives to conventional medicine on QSAAR?",
                "Is QSAAR committed to promoting natural remedies?"
            ],
            "responses": [
                "Yes, QSAAR emphasizes natural remedies as part of its approach to health and wellness.",
                "QSAAR's remedies often incorporate natural ingredients, reflecting our commitment to holistic health solutions.",
                "QSAAR advocates for natural health solutions and provides a variety of remedies based on natural principles.",
                "You can find natural alternatives to conventional medicine on QSAAR, aligning with our focus on natural health solutions.",
                "QSAAR is dedicated to promoting natural remedies as part of a holistic approach to health and wellness."
            ]
        },
        {
            "tag": "user_feedback",
            "patterns": [
                "Can users provide feedback on QSAAR's remedies?",
                "Is there a feedback mechanism for users on QSAAR?",
                "Does QSAAR welcome user input and suggestions?",
                "How can I share my experience with QSAAR's remedies?",
                "Is there a way to provide feedback or suggestions to QSAAR?"
            ],
            "responses": [
                "Yes, QSAAR values user feedback and welcomes input and suggestions regarding our remedies and services.",
                "Absolutely! There are channels available for users to provide feedback and share their experiences with QSAAR's remedies.",
                "QSAAR encourages users to share their feedback and suggestions to help improve our remedies and services.",
                "You can share your experience with QSAAR's remedies and provide feedback through our website or contact channels.",
                "QSAAR appreciates user feedback and encourages users to share their thoughts, experiences, and suggestions to enhance our offerings."
            ]
        },
        {
            "tag": "herbal_remedies",
            "patterns": [
                "Does QSAAR offer herbal remedies?",
                "Are there herbal treatments available on QSAAR?",
                "Does QSAAR promote the use of herbs for health?",
                "Can I find information about herbal remedies on QSAAR?",
                "Is QSAAR a source for herbal health solutions?"
            ],
            "responses": [
                "Yes, QSAAR provides information and remedies based on herbal treatments for various health issues.",
                "QSAAR offers a range of herbal remedies that harness the healing properties of plants for health and wellness.",
                "QSAAR advocates for the use of herbs as natural health solutions and provides comprehensive information about herbal remedies.",
                "You can find extensive information about herbal remedies and their benefits on QSAAR, empowering you to explore natural health solutions.",
                "QSAAR is a reliable source for herbal health solutions, offering a variety of remedies derived from medicinal plants."
            ]
        },
        {
            "tag": "dietary_recommendations",
            "patterns": [
                "Does QSAAR provide dietary recommendations?",
                "Can I find nutrition advice on QSAAR?",
                "Does QSAAR offer guidance on healthy eating?",
                "Is there information about dietary supplements on QSAAR?",
                "Can I get personalized diet tips from QSAAR?"
            ],
            "responses": [
                "Yes, QSAAR offers dietary recommendations and nutrition advice to support your overall health and well-being.",
                "QSAAR provides valuable guidance on healthy eating habits and nutrition to help you make informed dietary choices.",
                "QSAAR offers comprehensive information about healthy eating practices to support your health goals.",
                "You can find information about dietary supplements and their benefits on QSAAR, along with guidance on incorporating them into your diet.",
                "While QSAAR offers general dietary recommendations, personalized diet tips are best obtained through consultation with a registered dietitian or nutritionist."
            ]
        },
        {
            "tag": "community_engagement",
            "patterns": [
                "Is there a community aspect to QSAAR?",
                "Can I connect with other users on QSAAR?",
                "Does QSAAR facilitate community engagement?",
                "Is there a forum or discussion board on QSAAR?",
                "Can I share my health journey with others on QSAAR?"
            ],
            "responses": [
                "Yes, QSAAR fosters community engagement through forums and discussion boards where users can connect, share experiences, and support each other.",
                "QSAAR provides a platform for users to connect with each other, share insights, and participate in discussions about health and wellness.",
                "Community engagement is an integral part of QSAAR's platform, offering users opportunities to engage with each other and exchange valuable information.",
                "You can join QSAAR's community forums to connect with like-minded individuals, share your health journey, and learn from others' experiences.",
                "QSAAR encourages users to engage with the community, share their stories, and support each other on their health and wellness journeys."
            ]
        },
        {
            "tag": "remedy_sources",
            "patterns": [
                "Where does QSAAR source its remedies?",
                "Are QSAAR's remedies based on traditional knowledge?",
                "Does QSAAR collaborate with experts to develop remedies?",
                "Can I trust the sources of QSAAR's remedies?",
                "Does QSAAR disclose the origins of its remedies?"
            ],
            "responses": [
                "QSAAR sources its remedies from a variety of reputable sources, including traditional knowledge, scientific research, and collaboration with experts in the field of health and wellness.",
                "Yes, QSAAR's remedies may draw from traditional knowledge, scientific research, and collaboration with experts to ensure their efficacy and safety.",
                "QSAAR collaborates with experts in various fields to develop remedies that are informed by the latest research and traditional wisdom.",
                "Rest assured, QSAAR is committed to transparency and discloses the origins of its remedies, providing users with trustworthy information.",
                "You can trust the sources of QSAAR's remedies, as they are carefully vetted and selected to ensure quality, efficacy, and safety."
            ]
        },
        {
            "tag": "long_term_effects",
            "patterns": [
                "Are QSAAR's remedies safe for long-term use?",
                "Can I use QSAAR's remedies regularly?",
                "Does QSAAR provide information about the long-term effects of its remedies?",
                "Is there guidance on the duration of using QSAAR's remedies?",
                "How can I ensure the long-term safety of QSAAR's remedies?"
            ],
            "responses": [
                "While many of QSAAR's remedies are safe for regular use, it's essential to monitor for any adverse effects and consult with a healthcare professional if you have concerns about long-term use.",
                "QSAAR provides information about the long-term effects of its remedies, but individual responses may vary. It's important to use remedies responsibly and seek guidance if needed.",
                "While QSAAR offers guidance on using remedies, users should exercise caution with long-term use and consult with a healthcare professional if uncertain about safety or effectiveness.",
                "For long-term use of QSAAR's remedies, we recommend consulting with a healthcare professional to ensure safety and efficacy, especially if you have specific health concerns or conditions.",
                "QSAAR strives to provide remedies that are safe for long-term use, but it's important to listen to your body and seek medical advice if you experience any adverse effects."
            ]
        },
        {
            "tag": "accessibility",
            "patterns": [
                "Is QSAAR accessible to people with disabilities?",
                "Does QSAAR prioritize accessibility for all users?",
                "Are there features on QSAAR to assist users with disabilities?",
                "Can users with disabilities navigate QSAAR easily?",
                "Is there screen reader support on QSAAR?"
            ],
            "responses": [
                "QSAAR is committed to accessibility and strives to ensure that all users, including those with disabilities, can access our platform and resources.",
                "Yes, QSAAR prioritizes accessibility to ensure that users with disabilities can navigate our platform easily and access our resources.",
                "QSAAR incorporates features to assist users with disabilities, such as alt text for images and compatibility with screen readers.",
                "Users with disabilities can navigate QSAAR easily, thanks to our commitment to accessibility and inclusive design.",
                "QSAAR provides screen reader support and other accessibility features to ensure that users with disabilities can access our platform and resources."
            ]
        },
        {
            "tag": "medication_interactions",
            "patterns": [
                "Does QSAAR provide information about medication interactions?",
                "Can QSAAR's remedies interact with prescription drugs?",
                "Is there guidance on avoiding medication interactions with QSAAR's remedies?",
                "Does QSAAR warn about potential interactions with common medications?",
                "How can I ensure the safety of using QSAAR's remedies with my existing medications?"
            ],
            "responses": [
                "QSAAR offers information about potential interactions between its remedies and prescription drugs, but users should consult with a healthcare professional for personalized advice.",
                "While QSAAR strives to provide comprehensive information, it's important to consult with a healthcare professional about potential interactions between remedies and prescription drugs.",
                "QSAAR advises users to exercise caution and consult with a healthcare professional to avoid potential interactions between remedies and prescription medications.",
                "While QSAAR provides general guidance on medication interactions, users should consult with a healthcare professional for personalized advice based on their specific medications and health conditions.",
                "To ensure the safety of using QSAAR's remedies with existing medications, users should consult with a healthcare professional to assess potential interactions and mitigate risks."
            ]
        },
        {
            "tag": "precautions",
            "patterns": [
                "Are there any precautions I should take when using QSAAR's remedies?",
                "Does QSAAR provide safety precautions for its remedies?",
                "Is there guidance on potential risks associated with QSAAR's remedies?",
                "Can QSAAR's remedies have any adverse effects if not used correctly?",
                "How can I ensure the safe use of QSAAR's remedies?"
            ],
            "responses": [
                "QSAAR provides safety precautions for its remedies to help users use them responsibly and minimize risks.",
                "Yes, QSAAR offers guidance on precautions to take when using its remedies to ensure safety and effectiveness.",
                "QSAAR advises users to be aware of potential risks associated with remedies and provides guidance on how to mitigate them.",
                "While QSAAR's remedies are generally safe, users should follow recommended precautions to avoid adverse effects.",
                "To ensure the safe use of QSAAR's remedies, users should carefully read instructions and consult with a healthcare professional if uncertain about proper usage."
            ]
        },
        {
            "tag": "consultation_services",
            "patterns": [
                "Does QSAAR offer consultation services?",
                "Can I speak with a healthcare professional through QSAAR?",
                "Is there a telehealth service available on QSAAR?",
                "How can I schedule a consultation with a healthcare provider through QSAAR?",
                "Does QSAAR provide virtual appointments with doctors?"
            ],
            "responses": [
                "While QSAAR does not offer consultation services directly, we provide resources and information to empower users to make informed decisions about their health.",
                "QSAAR is a platform for health information and remedies, but users seeking personalized medical advice should consult with a healthcare professional.",
                "QSAAR does not offer telehealth services, but we provide resources to help users connect with healthcare providers in their area.",
                "For personalized medical advice, users should consult with a healthcare professional in person or through telehealth services available in their region.",
                "While QSAAR does not provide consultation services, we encourage users to seek guidance from qualified healthcare professionals for personalized medical advice."
            ]
        },
        {
            "tag": "age_restrictions",
            "patterns": [
                "Are there any age restrictions for using QSAAR's remedies?",
                "Can children use QSAAR's remedies?",
                "Is QSAAR's content suitable for all age groups?",
                "Are there specific remedies for different age groups on QSAAR?",
                "How can I determine if QSAAR's remedies are appropriate for my age?"
            ],
            "responses": [
                "QSAAR provides remedies suitable for various age groups, but it's important to consult with a healthcare professional, especially for children and older adults.",
                "While many of QSAAR's remedies are suitable for all age groups, parents should exercise caution when using remedies on children and consult with a pediatrician if unsure.",
                "QSAAR's content is generally suitable for all age groups, but users should use discretion and consult with a healthcare professional as needed, particularly for children and older adults.",
                "QSAAR offers remedies tailored to different age groups, but users should consider individual health needs and consult with healthcare professionals for personalized advice.",
                "To determine the appropriateness of QSAAR's remedies for your age, consider consulting with a healthcare professional who can provide guidance based on your specific health concerns and age-related factors."
            ]
        },
        {
            "tag": "feedback_channels",
            "patterns": [
                "How can I provide feedback to QSAAR?",
                "Is there a feedback form on QSAAR's website?",
                "Can I email my feedback to QSAAR?",
                "Is there a feedback section on QSAAR?",
                "Does QSAAR welcome user feedback?"
            ],
            "responses": [
                "QSAAR welcomes user feedback and provides various channels for users to share their thoughts and suggestions, including feedback forms, email, and community forums.",
                "Yes, you can provide feedback to QSAAR through our website's feedback form or by sending us an email.",
                "QSAAR values user feedback and encourages users to email their thoughts and suggestions to our dedicated feedback team.",
                "You can share your feedback with QSAAR through our website's feedback section or by emailing us directly.",
                "Feedback from users like you is valuable to us! Feel free to share your thoughts and suggestions with QSAAR through our feedback channels."
            ]
        },
        {
            "tag": "product_availability",
            "patterns": [
                "Where can I purchase QSAAR's products?",
                "Are QSAAR's products available in stores?",
                "Can I buy QSAAR's products online?",
                "Is there a list of retailers that carry QSAAR's products?",
                "How can I find out where to buy QSAAR's products?"
            ],
            "responses": [
                "QSAAR's products may be available for purchase through our website or authorized retailers. Please check our website for availability and purchasing options.",
                "You can purchase QSAAR's products online through our website or from select retailers. Check our website for a list of authorized retailers.",
                "QSAAR's products may be available for purchase both online and in select stores. Please visit our website for more information on where to buy.",
                "To find out where to buy QSAAR's products, please visit our website or contact our customer support team for assistance.",
                "For information on where to buy QSAAR's products, please visit our website or contact us for assistance."
            ]
        },
        {
            "tag": "legal_disclaimer",
            "patterns": [
                "Does QSAAR provide a legal disclaimer?",
                "Is there a disclaimer regarding the use of QSAAR's remedies?",
                "Can I find legal information on QSAAR's website?",
                "Does QSAAR have terms and conditions for using its remedies?",
                "Where can I find QSAAR's legal policies?"
            ],
            "responses": [
                "Yes, QSAAR provides a legal disclaimer regarding the use of its remedies. You can find this information in our terms and conditions.",
                "QSAAR's website includes a legal disclaimer outlining terms and conditions for using its remedies.",
                "You can find legal information, including disclaimers and terms of use, on QSAAR's website.",
                "QSAAR has terms and conditions for using its remedies, which include important legal information and disclaimers.",
                "For information on QSAAR's legal policies, including disclaimers and terms of use, please visit our website."
            ]
        },
        {
            "tag": "scientific_reviews",
            "patterns": [
                "Does QSAAR publish scientific reviews?",
                "Are there peer-reviewed studies supporting QSAAR's remedies?",
                "Does QSAAR cite scientific literature to support its remedies?",
                "Where can I find scientific reviews of QSAAR's remedies?",
                "Is QSAAR's approach validated by scientific research?"
            ],
            "responses": [
                "QSAAR regularly publishes scientific reviews and references peer-reviewed studies to support the effectiveness of its remedies.",
                "Yes, QSAAR cites scientific literature and peer-reviewed studies to validate the efficacy of its remedies.",
                "Scientific literature and peer-reviewed studies are cited by QSAAR to provide evidence-based support for its remedies.",
                "You can find scientific reviews of QSAAR's remedies in our resources section, along with references to peer-reviewed studies.",
                "QSAAR's approach is grounded in scientific research, and our remedies are supported by peer-reviewed studies and scientific literature."
            ]
        },
        {
            "tag": "community_contributions",
            "patterns": [
                "Can users contribute content to QSAAR?",
                "Is there a way to submit articles or remedies to QSAAR?",
                "Does QSAAR accept user-generated content?",
                "How can I share my own health remedies on QSAAR?",
                "Is there a process for community contributions to QSAAR?"
            ],
            "responses": [
                "QSAAR welcomes contributions from users and provides a platform for sharing health remedies and articles.",
                "Yes, users can submit articles and remedies to QSAAR for consideration. Please refer to our submission guidelines for more information.",
                "QSAAR accepts user-generated content and encourages users to share their health remedies and experiences.",
                "You can share your own health remedies on QSAAR by submitting them through our website. Our team will review and consider your submission.",
                "QSAAR values community contributions and provides a process for users to share their own health remedies and articles."
            ]
        },
        {
            "tag": "collaboration_experts",
            "patterns": [
                "Does QSAAR collaborate with healthcare experts?",
                "Are there partnerships with medical professionals on QSAAR?",
                "Does QSAAR consult with specialists to develop remedies?",
                "Can I find information from experts on QSAAR?",
                "Is there expert advice available on QSAAR?"
            ],
            "responses": [
                "QSAAR collaborates with healthcare experts and specialists to ensure the accuracy and effectiveness of its remedies and health advice.",
                "Yes, QSAAR partners with medical professionals and specialists to provide users with credible and reliable health information.",
                "Collaboration with healthcare experts is an integral part of QSAAR's approach to developing remedies and providing accurate health advice.",
                "Users can find information and advice from healthcare experts on QSAAR, providing additional credibility and expertise to our platform.",
                "QSAAR offers expert advice and insights from healthcare professionals to enhance the quality and reliability of our health information."
            ]
        },
        {
            "tag": "user_privacy",
            "patterns": [
                "How does QSAAR protect user privacy?",
                "Is my personal information secure on QSAAR?",
                "Does QSAAR comply with data privacy regulations?",
                "What measures does QSAAR take to safeguard user data?",
                "Can I trust QSAAR with my personal information?"
            ],
            "responses": [
                "QSAAR takes user privacy seriously and implements robust security measures to protect personal information.",
                "Your personal information is secure on QSAAR, as we adhere to strict privacy policies and employ encryption and other security measures.",
                "QSAAR is committed to complying with data privacy regulations and protecting user data in accordance with applicable laws.",
                "To safeguard user data, QSAAR employs encryption, access controls, and other security measures to prevent unauthorized access or disclosure.",
                "You can trust QSAAR with your personal information, as we prioritize user privacy and security in all aspects of our operations."
            ]
        },
        {
            "tag": "take care",
            "patterns": [
                "yes, i feel good",
                "yes",
                "yup",
                "yess"
            ],
            "responses": [
                "Hope you get well soon, Take care!"
            ]
        }
    ]
}